<?xml version="1.0" encoding="UTF-8"?>

<mule xmlns:ee="http://www.mulesoft.org/schema/mule/ee/core" xmlns:file="http://www.mulesoft.org/schema/mule/file"
	xmlns:db="http://www.mulesoft.org/schema/mule/db"
	xmlns:http="http://www.mulesoft.org/schema/mule/http" xmlns="http://www.mulesoft.org/schema/mule/core" xmlns:doc="http://www.mulesoft.org/schema/mule/documentation" xmlns:xsi="http://www.w3.org/2001/XMLSchema-instance" xsi:schemaLocation="http://www.mulesoft.org/schema/mule/core http://www.mulesoft.org/schema/mule/core/current/mule.xsd
http://www.mulesoft.org/schema/mule/http http://www.mulesoft.org/schema/mule/http/current/mule-http.xsd
http://www.mulesoft.org/schema/mule/db http://www.mulesoft.org/schema/mule/db/current/mule-db.xsd
http://www.mulesoft.org/schema/mule/file http://www.mulesoft.org/schema/mule/file/current/mule-file.xsd
http://www.mulesoft.org/schema/mule/ee/core http://www.mulesoft.org/schema/mule/ee/core/current/mule-ee.xsd">
	<http:listener-config name="HTTP_Listener_config" doc:name="HTTP Listener config" doc:id="d1424d68-d9a6-42d6-aadd-a6eeda72f4f5" >
		<http:listener-connection host="0.0.0.0" port="8081" />
	</http:listener-config>
	<file:config name="File_Config" doc:name="File Config" doc:id="98bbf813-7005-484c-92f4-d88613cebea2" >
		<file:connection workingDir="C:\Users\ASING834\Desktop\POC" />
	</file:config>
	<flow name="Employee-SAPIFlow" doc:id="792c5583-db7f-4c5f-9033-da5d0aa6a080" >
		<http:listener doc:name="Listener" doc:id="241ca770-c20b-4983-9931-0da21b0b7aa7" config-ref="HTTP_Listener_config" path="/Employee-SAPI"/>
		<file:read doc:name="Read" doc:id="bf31cce7-f725-4096-80dd-3e4b2afed714" config-ref="File_Config" path="C:\Users\ASING834\Desktop\POC\employee.xlsx" outputMimeType="application/xlsx"/>
		<ee:transform doc:name="Transform Message" doc:id="4f8e3cee-5917-4164-8c4b-ef8d8b207d46" >
			<ee:message >
				<ee:set-payload ><![CDATA[%dw 2.0
output application/json
---
payload]]></ee:set-payload>
			</ee:message>
		</ee:transform>
		<logger level="INFO" doc:name="Logger" doc:id="8fe84cd1-0ebc-4181-9eda-147511a0cc8b" message="#[payload]"/>
	</flow>
	<flow name="Employee-SAPIFlow1" doc:id="1607dd9b-cdd0-4646-bf80-54e2df5a3879" >
		<http:listener doc:name="Listener" doc:id="b51fa2b3-a891-49a7-bced-43d3f524eae7" config-ref="HTTP_Listener_config" path="/Employee-SAPI" allowedMethods="POST"/>
		<set-variable value="#[payload]" doc:name="Set Variable" doc:id="88f60a6a-56f1-4581-938a-dd9060721d18" variableName="insert"/>
		<file:read doc:name="Read" doc:id="339d50dd-4c1b-45e3-bd55-71ae3d4711a5" config-ref="File_Config" path="C:\Users\ASING834\Desktop\POC\employee.xlsx" outputMimeType="application/xlsx"/>
		<ee:transform doc:name="Transform Message" doc:id="f54bf22e-96a5-4bf8-980d-b2bfb4a67094" >
			<ee:message >
				<ee:set-payload ><![CDATA[%dw 2.0
output application/json
---
payload]]></ee:set-payload>
			</ee:message>
		</ee:transform>
		<ee:transform doc:name="Transform Message" doc:id="9943422f-f915-4837-ade2-9397775cde2e" >
			<ee:message >
				<ee:set-payload ><![CDATA[%dw 2.0
output application/json
---
payload.Sheet1 << vars.insert]]></ee:set-payload>
			</ee:message>
			<ee:variables >
			</ee:variables>
		</ee:transform>
		<ee:transform doc:name="Transform Message" doc:id="2ac3b2f8-749b-4959-af36-827b5fc2d399" >
			<ee:message >
				<ee:set-payload ><![CDATA[%dw 2.0
output application/xlsx
---
{
	Sheet1 : payload
}]]></ee:set-payload>
			</ee:message>
		</ee:transform>
		<file:write doc:name="Write" doc:id="931f12dc-27de-4d3e-9720-9fd1e9a9575e" config-ref="File_Config" path="C:\Users\ASING834\Desktop\POC\employee.xlsx"/>
		<ee:transform doc:name="Transform Message" doc:id="57f33b2a-e416-4813-aa68-82c87b572dc2" >
			<ee:message >
				<ee:set-payload ><![CDATA[%dw 2.0
output application/json
---
payload]]></ee:set-payload>
			</ee:message>
		</ee:transform>
		<logger level="INFO" doc:name="Logger" doc:id="b597c768-28f5-48f7-ae7c-5895ef27526b" message="#[payload]"/>
	</flow>
	<flow name="Employee-SAPIFlow2" doc:id="e70d872d-b83b-4750-87c2-33f7a2e26a02" >
		<http:listener doc:name="Listener" doc:id="3cee36fc-11da-46c9-b4be-34976860c36d" config-ref="HTTP_Listener_config" path="/Employee-SAPI/{ename}"/>
		<set-variable value="#[attributes.uriParams.ename]" doc:name="Set Variable" doc:id="d982175b-b229-43d7-a15f-7f492c9ca00b" variableName="empname"/>
		<file:read doc:name="Read" doc:id="d0949896-301c-4a47-9b9a-776dfb2017eb" config-ref="File_Config" path="C:\Users\ASING834\Desktop\POC\employee.xlsx" outputMimeType="application/xlsx"/>
		<ee:transform doc:name="Transform Message" doc:id="265dbd4f-9372-4144-bed3-40d64254ddd4" >
			<ee:message >
				<ee:set-payload ><![CDATA[%dw 2.0
output application/json
---
payload]]></ee:set-payload>
			</ee:message>
		</ee:transform>
		<ee:transform doc:name="Transform Message" doc:id="868951eb-998c-4c1b-ab0c-1ad44ce852f6" >
			<ee:message >
				<ee:set-payload ><![CDATA[%dw 2.0
output application/json
---
payload.Sheet1 filter (value, index) -> 
( vars.empname == payload.Sheet1[index].employeeName )]]></ee:set-payload>
			</ee:message>
		</ee:transform>
		<logger level="INFO" doc:name="Logger" doc:id="857800fa-dbc3-4d62-9739-c0ad6d6ccffa" message="#[payload]"/>
	</flow>
</mule>
