<?xml version="1.0" encoding="UTF-8"?>

<mule xmlns:file="http://www.mulesoft.org/schema/mule/file" xmlns:ee="http://www.mulesoft.org/schema/mule/ee/core"
	xmlns:http="http://www.mulesoft.org/schema/mule/http"
	xmlns="http://www.mulesoft.org/schema/mule/core" xmlns:doc="http://www.mulesoft.org/schema/mule/documentation" xmlns:xsi="http://www.w3.org/2001/XMLSchema-instance" xsi:schemaLocation="http://www.mulesoft.org/schema/mule/core http://www.mulesoft.org/schema/mule/core/current/mule.xsd
http://www.mulesoft.org/schema/mule/http http://www.mulesoft.org/schema/mule/http/current/mule-http.xsd
http://www.mulesoft.org/schema/mule/ee/core http://www.mulesoft.org/schema/mule/ee/core/current/mule-ee.xsd
http://www.mulesoft.org/schema/mule/file http://www.mulesoft.org/schema/mule/file/current/mule-file.xsd">
	<flow name="Person-data-PAPIFlow" doc:id="59cd6ed1-3078-43e2-b960-96016594ea76" >
		<http:listener doc:name="Listener" doc:id="0690b22b-089b-4022-b3b8-e7839b82ac1a" config-ref="HTTP_Listener_config" path="/Person-data-PAPI" allowedMethods="POST"/>
		<http:request method="POST" doc:name="Request" doc:id="73a47419-f129-40ee-bab3-163b85929883" url="http://localhost:8081/Employee-SAPI"/>
	</flow>
	<flow name="Person-data-PAPIFlow1" doc:id="c09bd566-b9cb-423a-912a-15872f63df52" >
		<http:listener doc:name="Listener" doc:id="16961e5e-4ab5-40da-a582-7fb6a5478fde" config-ref="HTTP_Listener_config" path="/Person-data-PAPI/{naam}" allowedMethods="GET"/>
		<http:request method="GET" doc:name="Request Employee" doc:id="083ff585-a24f-4a71-8df7-15a5583e2339" url="http://localhost:8081/Employee-SAPI/{emplname}" target="var1">
			<http:uri-params ><![CDATA[#[output application/java
---
{
	emplname : attributes.uriParams.naam
}]]]></http:uri-params>
		</http:request>
		<http:request method="GET" doc:name="Request person" doc:id="c961a432-4d47-43a4-8094-98a754ab5d8b" url="http://localhost:8081/Person-SAPI/{pername}" target="var2">
			<http:uri-params ><![CDATA[#[output application/java
---
{
	pername : attributes.uriParams.naam
}]]]></http:uri-params>
		</http:request>
		<ee:transform doc:name="Transform Message" doc:id="c37b4a41-4b51-4442-9781-1fddee478fe0" >
			<ee:message >
				<ee:set-payload ><![CDATA[%dw 2.0
output application/json
---
vars.var1 ++ vars.var2]]></ee:set-payload>
			</ee:message>
		</ee:transform>
		<set-variable value="#[payload]" doc:name="Set Variable" doc:id="8986d5a1-97af-447d-b4bc-77085584bc17" variableName="fname"/>
		<ee:transform doc:name="Transform Message" doc:id="355d865d-dd34-4cc8-afb3-201c2a841176" >
			<ee:message >
				<ee:set-payload ><![CDATA[%dw 2.0
output application/xlsx
---
{
	Sheet3 : payload
}]]></ee:set-payload>
			</ee:message>
		</ee:transform>
		<file:write doc:name="Write" doc:id="add56e43-fb9c-40ed-a205-3008629e01ba" config-ref="File_Config" path="C:\Users\ASING834\Desktop\POC\final.xlsx"/>
		<set-payload value="#[vars.fname]" doc:name="Set Payload" doc:id="fffe12b1-54d0-45c9-95cb-a7e122f9457e" />
		<logger level="INFO" doc:name="Logger" doc:id="a052efdd-391e-4940-b09a-158e9831e7db" message="#[vars.fname]"/>
	</flow>
</mule>
