<?xml version="1.0" encoding="UTF-8"?>

<mule xmlns:ee="http://www.mulesoft.org/schema/mule/ee/core" xmlns:file="http://www.mulesoft.org/schema/mule/file"
	xmlns:http="http://www.mulesoft.org/schema/mule/http"
	xmlns="http://www.mulesoft.org/schema/mule/core" xmlns:doc="http://www.mulesoft.org/schema/mule/documentation" xmlns:xsi="http://www.w3.org/2001/XMLSchema-instance" xsi:schemaLocation="http://www.mulesoft.org/schema/mule/core http://www.mulesoft.org/schema/mule/core/current/mule.xsd
http://www.mulesoft.org/schema/mule/http http://www.mulesoft.org/schema/mule/http/current/mule-http.xsd
http://www.mulesoft.org/schema/mule/file http://www.mulesoft.org/schema/mule/file/current/mule-file.xsd
http://www.mulesoft.org/schema/mule/ee/core http://www.mulesoft.org/schema/mule/ee/core/current/mule-ee.xsd">
	<flow name="Person-SAPIFlow-GET-NAME" doc:id="acd92a26-381c-4f6a-8e8e-6b615185ce49" >
		<http:listener doc:name="Listener" doc:id="6f012d42-0150-4137-8a88-459b16fa8cbe" config-ref="HTTP_Listener_config" path="/Person-SAPI/{pname}"/>
		<set-variable value="#[attributes.uriParams.pname]" doc:name="Set Variable" doc:id="b0b51473-7615-42cd-83f3-8c0d63d7e029" variableName="personname"/>
		<file:read doc:name="Read" doc:id="1d32861d-c97d-42c6-8eb9-ccc68e21f878" config-ref="File_Config" path="C:\Users\ASING834\Desktop\POC\person.xlsx" outputMimeType="application/xlsx"/>
		<ee:transform doc:name="Transform Message" doc:id="cd3e30cd-d021-4ef1-8c2a-dc37665c2ef5" >
			<ee:message >
				<ee:set-payload ><![CDATA[%dw 2.0
output application/json
---
payload]]></ee:set-payload>
			</ee:message>
		</ee:transform>
		<ee:transform doc:name="Transform Message" doc:id="b67fc2d3-cb78-422f-b0f7-5e76a0d37512" >
			<ee:message >
				<ee:set-payload ><![CDATA[%dw 2.0
output application/json
---
payload.Sheet2 filter (value, index) -> 
( vars.personname == payload.Sheet2[index].personName )]]></ee:set-payload>
			</ee:message>
		</ee:transform>
		<logger level="INFO" doc:name="Logger" doc:id="75229f57-8188-48ce-944d-6e852eaf5951" message="#[payload]"/>
	</flow>
	<flow name="Person-SAPIFlow-GET-ALL" doc:id="6fd65ec6-ce92-4121-9a20-7bf966be847f" >
		<http:listener doc:name="Listener" doc:id="eb9133c5-fbbb-4983-bdb7-91874e333bf9" config-ref="HTTP_Listener_config" path="/Person-SAPI" allowedMethods="GET"/>
		<file:read doc:name="Read" doc:id="d6a30c70-6c4b-46b6-bc2f-404fa7bb0454" config-ref="File_Config" path="C:\Users\ASING834\Desktop\POC\person.xlsx" outputMimeType="application/xlsx"/>
		<ee:transform doc:name="Transform Message" doc:id="d3bb4dfd-5cd6-4789-9bbc-297796f0ea1a" >
			<ee:message >
				<ee:set-payload ><![CDATA[%dw 2.0
output application/json
---
payload]]></ee:set-payload>
			</ee:message>
		</ee:transform>
		<logger level="INFO" doc:name="Logger" doc:id="8135b63e-7e80-4a76-92bd-34bf63eae855" message="#[payload]"/>
	</flow>
</mule>
